Generator,bus,carrier,p_nom,marginal_cost,gen_MWh,share_%
C.N Laguna verde,SIN,nuclear,1620.0,10.0,1469664.0,4.142125359444583
Manuel Moreno Torres (Chicoasen),SIN,hydro,2400.0,0.0,1212496.3472832,3.4173197875947614
C.C Altamira 5,SIN,gas_ccgt,1120.0,29.87,1068734.9860457457,3.0121403859832823
C.C Tamazunchale,SIN,gas_ccgt,1020.0,29.87,971777.547813395,2.738873936176387
C.C Escobedo,SIN,gas_ccgt,1000.0,29.87,929951.1006071013,2.620989584604423
C.C Dulces nombres 1,SIN,gas_ccgt,1008.0,29.87,910857.4608468813,2.567175754058865
C.C Pesqueria,SIN,gas_ccgt,966.0,29.87,905412.1500792804,2.5518286000015182
El carmen,SIN,gas_ccgt,857.0,29.87,788018.3439312992,2.220963952376432
C.T Manzanillo,SIN,hydro,1300.0,0.0,656768.8547784,1.8510482182804961
C.C San luis rio colorado,BCA,gas_ccgt,683.0,29.87,646961.6887376402,1.8234075390764635
C.T Altamira,SIN,gas_ccgt,665.0,29.87,635699.7986290286,1.7916668414652013
C.C Altamira 3,SIN,gas_ccgt,660.0,29.87,628881.0,1.7724486264703145
C.H El infiernito,SIN,hydro,1200.0,0.0,606248.1736416,1.7086598937973807
CENGEN CFE 17/Enero 2024,SIN,hydro,1080.0,0.0,545623.35627744,1.5377939044176427
Norte 3,SIN,gas_ccgt,906.0,29.87,526976.8950881523,1.4852404093629583
C.C Electrica el aguila,SIN,gas_ccgt,520.0,29.87,495886.8720340384,1.3976157734474282
C.H Aguamilpa,SIN,hydro,960.0,0.0,484998.5389132799,1.3669279150379046
El clerigo,SIN,gas_ccgt,500.0,29.87,475179.6321671392,1.3392541456353668
C.C Energia buena vista,SIN,gas_ccgt,540.0,29.87,468619.50463069766,1.3207649735321616
C.C Merida 3,SIN,gas_ccgt,484.0,29.87,463478.40000000014,1.3062751990895882
La angostura,SIN,hydro,900.0,0.0,454686.1302312,1.2814949203480357
C.C Altamira IV,SIN,gas_ccgt,460.0,29.87,438311.0,1.2353429820853707
C.C Rio Bravo 4,SIN,gas_ccgt,512.0,29.87,436788.4496383866,1.2310518009284053
C.C Rio Bravo 3,SIN,gas_ccgt,512.0,29.87,428490.9586599738,1.2076660149246343
C.C El encino,SIN,gas_ccgt,619.0,29.87,422356.01543103525,1.190375189315965
C.C Rio Bravo 2,SIN,gas_ccgt,511.0,29.87,412649.31622537214,1.1630176675039876
C.C Topolobampo 3,SIN,gas_ccgt,790.83,29.87,400749.41105322714,1.1294787776703064
C.C Huinala 2,SIN,gas_ccgt,450.0,29.87,398722.86753241543,1.1237671338458866
C.C La laguna (Ibedrola),SIN,gas_ccgt,510.0,29.87,384503.3357843475,1.083690570050965
C.H La yesca,SIN,hydro,750.0,0.0,378905.10852599994,1.0679124336233627
C.H El cajon,SIN,hydro,750.0,0.0,378905.10852599994,1.0679124336233627
C.C Topolobampo 2,SIN,gas_ccgt,887.34,29.87,374493.5851974771,1.055478923206794
Rio escondido,SIN,hydro,724.0,0.0,365769.731430432,1.030891469257753
C.C Norte durango,SIN,gas_ccgt,450.0,29.87,350183.7092980051,0.9869635663305603
Cogeneracion de altamira,SIN,chp,350.0,29.87,335160.0,0.9446204952094126
C.C Gonzales ortega,BCA,gas_ccgt,683.0,29.87,310059.68729497836,0.8738773581485203
C.C Norte 2,SIN,gas_ccgt,433.0,29.87,310053.2734531247,0.8738592812704084
C.C Dulces nombres 2,SIN,gas_ccgt,338.0,29.87,309213.7509932925,0.8714931572647212
C.H El caracol,SIN,hydro,600.0,0.0,303124.0868208,0.8543299468986904
Empalme ciclo combinado 2,SIN,gas_ccgt,807.241,29.87,290040.64925350493,0.8174553697598324
CENGEN 54,SIN,gas_ccgt,300.0,29.87,284669.00860447896,0.8023158487848653
Central C.C Saltillo,SIN,gas_ccgt,297.0,29.87,280963.0816336939,0.7918710028296412
C.C Huinala 1,SIN,gas_ccgt,300.0,29.87,263885.1319383595,0.7437382265485569
C.C Campeche,SIN,gas_ccgt,252.4,29.87,241698.24000000008,0.6812063228310167
Empalme ciclo combinado 1,SIN,gas_ccgt,783.57,29.87,236320.11572134309,0.6660485282869102
CENGEN 48__1,SIN,gas_ccgt,250.0,29.87,222858.00979827493,0.6281067059823088
C.C Salamayuca 2,SIN,gas_ccgt,348.0,29.87,217706.16731590178,0.6135866678007231
"Central Luis donaldo colosio murrieta ""huites""",SIN,hydro,422.0,0.0,213197.27439729596,0.6008787293187455
Peñitas,SIN,hydro,420.0,0.0,212186.86077456002,0.5980309628290833
Cerro prieto dos,BCA,geothermal,220.0,0.0,210672.0,0.5937614541316308
Cerro prieto tres,BCA,geothermal,220.0,0.0,210672.0,0.5937614541316308
CENGEN 44,SIN,gas_ccgt,198.0,29.87,187911.89999999994,0.5296140113191955
Parque eolico reynosa 3,SIN,onwind,431.0,0.0,184807.428450448,0.520864317284999
Enertek,SIN,gas_ccgt,188.0,29.87,180028.79999999993,0.5073961517124843
C.C Chihuahua 3,SIN,gas_ccgt,268.0,29.87,173712.18836438537,0.48959330885749036
P.E Energia eolica del sur,SIN,onwind,396.0,0.0,169799.864655168,0.4785667509161476
C.C Manzanillo,SIN,gas_ccgt,1460.0,29.87,164147.99909955641,0.46263743942313285
C.C Gomez palacios,SIN,gas_ccgt,220.0,29.87,161937.7986117606,0.45640817376107956
C.H La villita,SIN,hydro,320.0,0.0,161666.17963776,0.4556426383459683
RM U1 Feb-20,SIN,gas_ccgt,165.0,29.87,158004.0,0.4453210905987231
Tierra Mojada,SIN,gas_ccgt,874.0,29.87,148878.56224542813,0.4196018056878556
C.H Zimapan,SIN,hydro,292.0,0.0,147520.388919456,0.415773907490696
Generadora electrica de huinala,SIN,gas_ccgt,143.0,29.87,135517.5375885826,0.3819448724981713
Mesa la paz,SIN,onwind,300.0,0.0,128636.2611024,0.36255056887586945
CE GEN 52,SIN,onwind,300.0,0.0,128636.2611024,0.36255056887586945
PEMEX__1,SIN,chp,128.0,29.87,122572.79999999996,0.34546120967658506
C.H Agua prieta,SIN,hydro,240.0,0.0,121249.63472831997,0.34173197875947614
AHMSA,SIN,chp,135.0,29.87,118246.5,0.33326789410066776
C.C La caridad generacion,SIN,gas_ccgt,525.0,29.87,117822.57396540495,0.3320730939433359
Parque eolico dolores,SIN,onwind,269.0,0.0,115343.84745515199,0.32508701009202956
CENGEN 61,SIN,onwind,252.0,0.0,108054.45932601602,0.30454247785573035
P.E Eurus,SIN,onwind,250.5,0.0,107411.27802051249,0.30272972501137485
El mezquite,SIN,onwind,250.0,0.0,107196.884252,0.30212547406322454
Deacero power,SIN,chp,112.0,29.87,105694.05103434915,0.2978898640313755
Energia limpia la amistad,SIN,hydro,200.0,0.0,101041.3622736,0.2847766489662301
T.C Punta prieta 2,BCS,steam_other,112.5,40.8,97383.727420904,0.27446791031648404
Cerro prieto cuatro,BCA,geothermal,100.0,0.0,95760.0,0.26989157005983216
CENGEN 26,SIN,geothermal,100.0,0.0,95760.0,0.26989157005983216
CENGEN 35,BCS,steam_other,100.0,40.8,95690.35211282701,0.26969527330105536
Salamanca P.V,SIN,solar,550.0,0.0,92095.211538,0.2595626695591394
Electrcidad sol de tuxpan,SIN,solar,547.0,0.0,91592.87402052,0.25814687317972596
CENGEN CFE10,SIN,solar,521.0,0.0,87239.28220236,0.2458766378914757
Energia limpia de palo alto,SIN,onwind,200.0,0.0,85757.5074016,0.2417003792505796
Central eolica coahuila,SIN,onwind,200.0,0.0,85757.5074016,0.2417003792505796
P.E Dominicana,SIN,onwind,200.0,0.0,85757.5074016,0.2417003792505796
Temascal 1 - 115,SIN,hydro,154.0,0.0,77801.848950672,0.21927801970399724
Energia limpia la amistad IV,SIN,hydro,150.0,0.0,75781.0217052,0.2135824867246726
PEMEX refinacion,SIN,chp,79.0,29.87,74899.89999999998,0.21109911871683812
CEAUT 24,SIN,onwind,172.0,0.0,73751.456365376,0.20786232615549843
Fuerza y energia hermosillo,SIN,gas_ccgt,279.0,29.87,73420.96468706324,0.20693086293545315
Parque eolico el cortijo,SIN,onwind,168.0,0.0,72036.306217344,0.20302831857048684
Central turbogas los cabos,BCS,gas_ocgt,158.7,43.16,69226.6070501304,0.1951094159009476
P.E Eoliatec del pacifico,SIN,onwind,160.0,0.0,68606.00592128,0.19336030340046367
Central Agua prieta 2,SIN,solar,409.1,0.0,68502.0928003606,0.19306743293936557
"Central plutarco elias calles ""El novillo""",SIN,hydro,135.0,0.0,68202.91953468,0.19222423805220534
CENGEN 60,SIN,solar,400.0,0.0,66978.335664,0.18877285058846505
C.C Ibedrola cogeneracion ramos,SIN,gas_ccgt,67.0,29.87,63329.79474466406,0.1784897424311225
P.E Bii stinu 2,SIN,onwind,142.0,0.0,60887.830255135996,0.1716072692679115
Fuerza y energia naco-nogales + AUT,SIN,gas_ccgt,308.0,29.87,60739.14742795349,0.17118821912516693
D.E.M de oaxaca 2,SIN,onwind,138.0,0.0,59172.680107104,0.16677326168289994
Santa Amalia Tamaulipas,SIN,chp,61.0,29.87,58413.60000000002,0.1646338577364977
Pier IV,SIN,onwind,134.0,0.0,57457.529959071995,0.1619392540978883
C.C Hermosillo,SIN,gas_ccgt,227.022,29.87,56512.530007659836,0.15927585058292287
CENGEN 57,SIN,solar,330.0,0.0,55257.1269228,0.15573760173548365
Villanueva solar 3,SIN,solar,330.0,0.0,55257.1269228,0.15573760173548365
Trompezon,SIN,onwind,126.0,0.0,54027.22966300801,0.15227123892786518
Ventika 1,SIN,onwind,126.0,0.0,54027.22966300801,0.15227123892786518
Ventika 2,SIN,onwind,126.0,0.0,54027.22966300801,0.15227123892786518
CENGEN 23,SIN,gas_ccgt,80.0,29.87,52615.77765310762,0.1482931792054746
P.E Bii Hioxo Norte,SIN,onwind,120.0,0.0,51454.504440959994,0.14502022755034774
Eolica Vicente guerrero,SIN,onwind,118.0,0.0,50596.92936694401,0.14260322375784198
C.H Comedero,SIN,hydro,100.0,0.0,50520.6811368,0.14238832448311506
CENGEN 56,SIN,solar,300.0,0.0,50233.751748,0.14157963794134878
Pachamama,SIN,solar,300.0,0.0,50233.751748,0.14157963794134878
Potosi solar,SIN,solar,300.0,0.0,50233.751748,0.14157963794134878
CEAUT 18,SIN,onwind,117.0,0.0,50168.141829935994,0.14139472186158905
Energia limpia la amistad 3,SIN,hydro,99.0,0.0,50015.474325432006,0.14096444123828394
Humeros 3,SIN,geothermal,52.0,0.0,49795.19999999998,0.14034361643111268
P.E Bii Hioxo Sur,SIN,onwind,114.0,0.0,48881.779218912,0.1377692161728304
Azufres T59,SIN,geothermal,50.0,0.0,47880.0,0.13494578502991608
Azufres F52,SIN,geothermal,50.0,0.0,47880.0,0.13494578502991608
CEAUT 7,SIN,chp,50.0,29.87,47111.92532477401,0.13278103064374297
C.H Bacurato,SIN,hydro,92.0,0.0,46479.02664585601,0.1309972585244659
C.H Humaya,SIN,hydro,90.0,0.0,45468.61302311999,0.12814949203480355
Eolica Santiago,SIN,onwind,106.0,0.0,45451.47892284799,0.12810120100280717
Potreros solar,SIN,solar,270.0,0.0,45210.3765732,0.12742167414721392
P.E La venta 3,SIN,onwind,102.9,0.0,44122.237558123205,0.12435484512442323
P.E Oaxaca IV,SIN,onwind,102.0,0.0,43736.32877481599,0.12326719341779557
P.E Oaxaca 2,SIN,onwind,102.0,0.0,43736.32877481599,0.12326719341779557
P.E de oaxaca 3,SIN,onwind,102.0,0.0,43736.32877481599,0.12326719341779557
P.E Sureste 1 Fase 2,SIN,onwind,102.0,0.0,43736.32877481599,0.12326719341779557
P.E Oaxaca 1,SIN,onwind,102.0,0.0,43736.32877481599,0.12326719341779557
Givaudan,SIN,solar,258.0,0.0,43201.02650328,0.12175848862955996
Vientos del altiplano,SIN,onwind,100.0,0.0,42878.7537008,0.1208501896252898
CE GEN 38,SIN,onwind,100.0,0.0,42878.7537008,0.1208501896252898
Viborillas park,SIN,onwind,100.0,0.0,42878.7537008,0.1208501896252898
Ingenio san miguel el naranjo,SIN,biomass,50.0,0.0,42840.0,0.12074096555308282
P.E de mexico,SIN,onwind,99.9,0.0,42835.874947099204,0.12072933943566452
Salitrillos,SIN,onwind,99.0,0.0,42449.966163792,0.1196416877290369
CE GEN 37,SIN,onwind,99.0,0.0,42449.966163792,0.1196416877290369
Villanueva solar 1,SIN,solar,250.0,0.0,41861.45978999999,0.11798303161779063
Parque solar don jose,SIN,solar,250.0,0.0,41861.45978999999,0.11798303161779063
CENGEN 48,SIN,solar,250.0,0.0,41861.45978999999,0.11798303161779063
CENGEN 50,SIN,solar,250.0,0.0,41861.45978999999,0.11798303161779063
Tres mesas IV,SIN,onwind,96.0,0.0,41163.603552768,0.1160161820402782
CENGEN 49,SIN,onwind,96.0,0.0,41163.603552768,0.1160161820402782
C.H Cupatitzio,SIN,hydro,80.0,0.0,40416.54490944,0.11391065958649207
D.E.M de oaxaca,SIN,onwind,90.0,0.0,38590.87833072,0.10876517066276081
La bufa,SIN,onwind,90.0,0.0,38590.87833072,0.10876517066276081
Ingenio la gloria,SIN,biomass,45.0,0.0,38556.0,0.10866686899777453
Pier 1,SIN,onwind,87.0,0.0,37304.515719696006,0.10513966497400214
Eolica tres mesas 2,SIN,onwind,86.0,0.0,36875.728182688,0.10393116307774922
La Magdalena 2,SIN,solar,220.0,0.0,36838.0846152,0.10382506782365578
P.E La venta 2,SIN,onwind,83.3,0.0,35718.0018327664,0.1006682079578664
Kaltex,SIN,chp,36.0,29.87,34473.59999999999,0.09716096522153955
C.H Santa rosa,SIN,hydro,68.0,0.0,34354.063173024,0.09682406064851824
P.E Fuerza eolica del istmo,SIN,onwind,80.0,0.0,34303.00296064,0.09668015170023184
Geo domo san pedro,SIN,geothermal,35.0,0.0,33516.0,0.09446204952094127
Navojoa solar,SIN,solar,200.0,0.0,33489.167832,0.09438642529423252
Central los cuervos,SIN,solar,200.0,0.0,33489.167832,0.09438642529423252
CENGEN 53,SIN,solar,200.0,0.0,33489.167832,0.09438642529423252
CENGEN27,SIN,solar,200.0,0.0,33489.167832,0.09438642529423252
Cuyoaco,SIN,solar,200.0,0.0,33489.167832,0.09438642529423252
Central baja california sur,BCS,solar_thermal,209.6,0.0,32425.4001199248,0.09138828475548011
P.E El retiro,SIN,onwind,74.0,0.0,31730.277738591998,0.08942914032271444
P.E Stipa Nayaa,SIN,onwind,74.0,0.0,31730.277738591998,0.08942914032271444
C.H Cobano,SIN,hydro,60.0,0.0,30312.408682079993,0.08543299468986904
RMSC Comercio Altair Alaia II-V,SIN,solar,180.0,0.0,30140.251048799997,0.08494778276480926
AT Solar V,SIN,solar,180.0,0.0,30140.251048799997,0.08494778276480926
P.E Zopiloapan,SIN,onwind,70.0,0.0,30015.12759056,0.08459513273770286
P.E Dos arbolitos,SIN,onwind,70.0,0.0,30015.12759056,0.08459513273770286
C.H El fuerte,SIN,hydro,59.4,0.0,30009.284595259196,0.08457866474297034
P.E Electrica del valle de mexico,SIN,onwind,67.5,0.0,28943.15874804,0.08157387799707061
Cerro prieto uno,BCA,geothermal,30.0,0.0,28728.0,0.08096747101794965
Fotovoltaica Santiago,SIN,solar,170.0,0.0,28465.7926572,0.08022846150009764
Pier 2 Quecolac Felipe Angeles,SIN,onwind,66.0,0.0,28299.977442527997,0.07976112515269125
Amistad,SIN,onwind,66.0,0.0,28299.977442527997,0.07976112515269125
Salamanca cogeneracion,SIN,chp,393.0,29.87,27290.566493542934,0.07691618461533575
El porvenir,SIN,hydro,54.0,0.0,27281.167813871998,0.07688969522088213
Eolica tres mesas,SIN,onwind,63.0,0.0,27013.614831504005,0.07613561946393259
Eolica de Guanajuato,SIN,onwind,63.0,0.0,27013.614831504005,0.07613561946393259
C.C Bajio,SIN,gas_ccgt,643.0,29.87,26060.305170009546,0.07344879572443858
C.H Colimilla,SIN,hydro,51.2,0.0,25866.5887420416,0.07290282213535493
Los Humeros U-11,SIN,geothermal,27.0,0.0,25855.19999999999,0.07287072391615466
Los Humeros 3 Fase A,SIN,geothermal,27.0,0.0,25855.19999999999,0.07287072391615466
Tres Valles,SIN,biomass,30.0,0.0,25704.0,0.0724445793318497
Bio papel printing,SIN,biomass,30.0,0.0,25704.0,0.0724445793318497
Aguas tratadas del valle de mexico,SIN,biogas,29.9,0.0,25618.32,0.07220309740074353
CEAUT 8,SIN,solar,150.0,0.0,25116.875874,0.07078981897067439
CENGEN 64,SIN,solar,150.0,0.0,25116.875874,0.07078981897067439
Helios generacion,SIN,solar,150.0,0.0,25116.875874,0.07078981897067439
Tuli Energia,SIN,solar,150.0,0.0,25116.875874,0.07078981897067439
Solem 2,SIN,solar,150.0,0.0,25116.875874,0.07078981897067439
BNB Villa ahumada solar,SIN,solar,150.0,0.0,25116.875874,0.07078981897067439
Azufres F59,SIN,geothermal,26.0,0.0,24897.59999999999,0.07017180821555634
Azufres F58,SIN,geothermal,26.0,0.0,24897.59999999999,0.07017180821555634
Azufres F51 - U13,SIN,geothermal,26.0,0.0,24897.59999999999,0.07017180821555634
Azufres F51 - U16,SIN,geothermal,26.0,0.0,24897.59999999999,0.07017180821555634
Santa maria solar,SIN,solar,148.0,0.0,24781.98419568,0.06984595471773206
Azufres 3 fase 2,SIN,geothermal,25.0,0.0,23940.0,0.06747289251495804
Solem 1,SIN,solar,140.0,0.0,23442.417482399997,0.06607049770596275
Tuto energy dos,SIN,solar,137.5,0.0,23023.8028845,0.06489066738978486
DuPont,SIN,chp,24.0,29.87,22982.40000000001,0.06477397681435974
Ixtapantongo,SIN,hydro,45.0,0.0,22734.306511559997,0.06407474601740178
Compania eoloeletrica de ciudad victoria,SIN,onwind,50.0,0.0,21439.3768504,0.0604250948126449
P.E Los altos,SIN,onwind,50.0,0.0,21439.3768504,0.0604250948126449
Eolica la mesa,SIN,onwind,50.0,0.0,21439.3768504,0.0604250948126449
P.E Ingenio,SIN,onwind,49.5,0.0,21224.983081896,0.05982084386451845
Eolica tres mesas 3,SIN,onwind,49.5,0.0,21224.983081896,0.05982084386451845
Tingambato,SIN,hydro,42.0,0.0,21218.686077456,0.05980309628290833
Planta solar orejana,SIN,solar,125.0,0.0,20930.729894999997,0.05899151580889531
Don diego solar,SIN,solar,125.0,0.0,20930.729894999997,0.05899151580889531
CENGEN 62,SIN,onwind,48.0,0.0,20581.801776384,0.0580080910201391
Tuxpango,SIN,hydro,39.0,0.0,19703.065643352005,0.05553144654841489
CEAUT 19,SIN,solar,117.0,0.0,19591.16318172,0.05521605879712602
Praxair,SIN,chp,20.0,29.87,19152.0,0.053978314011966434
Emerging energy,SIN,solar,111.0,0.0,18586.48814676,0.05238446603829904
Pima solar uno,SIN,solar,110.0,0.0,18419.0423076,0.05191253391182789
C.H Palta,SIN,hydro,36.0,0.0,18187.445209248,0.05125979681392142
Cruces,SIN,hydro,36.0,0.0,18187.445209248,0.05125979681392142
PEMEX,SIN,chp,19.5,29.87,17067.916870979017,0.0481044996027488
Fotovoltaica Guajiro,SIN,solar,101.4,0.0,16979.008090824,0.04785391762417589
Laguna solar,SIN,solar,101.0,0.0,16912.02975516,0.04766514477358742
Ibedrola renovables noroeste (hermosillo foltovoltaico),SIN,solar,100.0,0.0,16744.583916,0.04719321264711626
AK Green power park,SIN,solar,100.0,0.0,16744.583916,0.04719321264711626
Akin solar,SIN,solar,100.0,0.0,16744.583916,0.04719321264711626
CENGEN 5,SIN,solar,100.0,0.0,16744.583916,0.04719321264711626
Tepezala solar,SIN,solar,100.0,0.0,16744.583916,0.04719321264711626
Solar abril 99,SIN,solar,99.0,0.0,16577.138076839998,0.046721280520645087
Atexaco,SIN,hydro,32.0,0.0,16166.617963775998,0.045564263834596816
Falcon mexicano,SIN,hydro,31.5,0.0,15914.014558092002,0.04485232221218125
Horus solar,SIN,solar,95.0,0.0,15907.3547202,0.04483355201476045
C.H El Gallo,SIN,hydro,30.0,0.0,15156.204341039997,0.04271649734493452
Chilapan,SIN,hydro,30.0,0.0,15156.204341039997,0.04271649734493452
Planta hidroelectrica de veracruz,SIN,hydro,30.0,0.0,15156.204341039997,0.04271649734493452
"La trinidad solar 1 y 3, Tai durango 6",SIN,solar,90.0,0.0,15070.125524399999,0.04247389138240463
Energia renovable de la peninsula,SIN,solar,90.0,0.0,15070.125524399999,0.04247389138240463
BlueMex power 1,SIN,solar,90.0,0.0,15070.125524399999,0.04247389138240463
CENGEN 47,SIN,solar,89.0,0.0,14902.67968524,0.042001959255933474
Generadora electrica san rafael,SIN,hydro,28.8,0.0,14549.956167398399,0.04100783745113713
CENGEN 58,SIN,solar,86.0,0.0,14400.342167760002,0.040586162876519984
Central Geotermoelectrica humeros,SIN,geothermal,15.0,0.0,14364.0,0.04048373550897483
C.C Zinc nacional,SIN,gas_ccgt,15.0,29.87,14121.75,0.03980097409662108
Andalucia 2,SIN,solar,83.0,0.0,13898.00465028,0.0391703664971065
Calera,SIN,solar,80.0,0.0,13395.667132800001,0.03775457011769301
Los pinos,SIN,onwind,30.0,0.0,12863.626110239999,0.036255056887586935
La venta,SIN,onwind,30.0,0.0,12863.626110239999,0.036255056887586935
Ingenio san nicolas,SIN,biomass,15.0,0.0,12852.0,0.03622228966592485
C.H Boquilla,SIN,hydro,25.0,0.0,12630.1702842,0.035597081120778765
COG Enerkin,SIN,chp,13.1,29.87,12544.559999999998,0.03535579567783801
Eolica de Arraiga,SIN,onwind,28.8,0.0,12349.0810658304,0.03480485461208346
CENGEN 39,SIN,solar,70.0,0.0,11721.208741199998,0.033035248852981376
Parque solar xoxocotla,SIN,solar,70.0,0.0,11721.208741199998,0.033035248852981376
P.E Bii Nee Stipa,SIN,onwind,26.4,0.0,11319.990977011199,0.031904450061076506
"Versalles de las cuatas 1,2 y 3",SIN,solar,65.0,0.0,10883.979545400001,0.03067558822062557
La venta PEMEX,SIN,onwind,24.8,0.0,10633.9309177984,0.02997084702707187
Cecilio del valle,SIN,hydro,21.0,0.0,10609.343038728,0.029901548141454164
Ingenio huixtla,SIN,biomass,12.0,0.0,10281.599999999999,0.02897783173273987
Fotovoltaica aguascalientes potencia,SIN,solar,60.0,0.0,10046.750349599999,0.02831592758826975
Tampico 2,SIN,solar,60.0,0.0,10046.750349599999,0.02831592758826975
El rollo solar juarez renovables,SIN,solar,60.0,0.0,10046.750349599999,0.02831592758826975
C.H Oviachic,SIN,hydro,19.2,0.0,9699.9707782656,0.027338558300758094
C.H Chilatan,SIN,hydro,19.0,0.0,9598.929415992,0.02705378165179186
Basf,SIN,chp,10.0,29.87,9576.0,0.026989157005983217
Rancho el trece,SIN,gas_ccgt,13.0,29.87,9509.499999999998,0.026801732304552774
Eolica santa catarina maniobras,SIN,onwind,22.0,0.0,9433.325814176,0.026587041717563754
P.E Bii Stinu 1,SIN,onwind,22.0,0.0,9433.325814176,0.026587041717563754
El salto,SIN,hydro,18.0,0.0,9093.722604624,0.02562989840696071
C.H Botello,SIN,hydro,18.0,0.0,9093.722604624,0.02562989840696071
Refineria PEMEX,SIN,chp,142.8,29.87,8722.811644625974,0.02458451681395458
Generadores eolicos de mexico,SIN,onwind,20.0,0.0,8575.75074016,0.02417003792505796
CEAUT 22,SIN,solar,50.0,0.0,8372.291958,0.02359660632355813
Complejo Petroquimico Cosoleacaque,SIN,solar,48.0,0.0,8037.4002796800005,0.022652742070615805
CENGEN 45,BCS,solar,50.0,0.0,7735.066822499999,0.021800640447391835
Hidroelectrica solis,SIN,hydro,15.0,0.0,7578.102170519998,0.02135824867246726
C.H Minas,SIN,hydro,15.0,0.0,7578.102170519998,0.02135824867246726
Lamosa energia de monterrey,SIN,chp,7.9,29.87,7234.819999999999,0.020390736517337874
C.H Salanola,SIN,hydro,14.0,0.0,7072.895359152,0.01993436542763611
CENGEN 55,SIN,solar,40.0,0.0,6697.833566400001,0.018877285058846505
SEDENA,SIN,onwind,15.0,0.0,6431.813055119999,0.018127528443793468
Parras cone,SIN,gas_ccgt,8.0,29.87,6125.5999999999985,0.017264492497478152
PROENERMEX Santa gertrudis,SIN,hydro,12.0,0.0,6062.481736416001,0.01708659893797381
Bafar,SIN,chp,8.0,29.87,5844.648031518238,0.016472652816139983
CENGEN 22 (Repotenciacion),SIN,gas_ccgt,242.0,29.87,5829.485069633911,0.016429917273223123
CE GEN 4,SIN,onwind,12.3,0.0,5274.0867051984005,0.014864573323910649
Rumorosa solar,BCA,solar,41.0,0.0,5162.5328490876,0.014550168088196648
C.C El Sauz,SIN,gas_ccgt,333.0,29.87,5081.009652240788,0.01432040175994599
Central Hidroelectrica Encanto,SIN,hydro,10.0,0.0,5052.06811368,0.01423883244831151
Mexsolar 1,SIN,solar,30.0,0.0,5023.3751747999995,0.014157963794134875
CEAUT 23,SIN,solar,30.0,0.0,5023.3751747999995,0.014157963794134875
Pollux energy proyect,SIN,solar,30.0,0.0,5023.3751747999995,0.014157963794134875
Mexsolar 2,SIN,solar,30.0,0.0,5023.3751747999995,0.014157963794134875
Photoemeris sustentable,SIN,solar,30.0,0.0,5023.3751747999995,0.014157963794134875
Salsipuedes solar,SIN,solar,30.0,0.0,5023.3751747999995,0.014157963794134875
Tampico 1,SIN,solar,30.0,0.0,5023.3751747999995,0.014157963794134875
Ahumada 3,SIN,solar,30.0,0.0,5023.3751747999995,0.014157963794134875
CENGEN 43,SIN,solar,30.0,0.0,5023.3751747999995,0.014157963794134875
Ahumada 1,SIN,solar,30.0,0.0,5023.3751747999995,0.014157963794134875
"TAI DURANGO 2,3,4",SIN,solar,30.0,0.0,5023.3751747999995,0.014157963794134875
Aguascalientes sur 1,SIN,solar,30.0,0.0,5023.3751747999995,0.014157963794134875
Ahumada 5,SIN,solar,30.0,0.0,5023.3751747999995,0.014157963794134875
Ahumada IV,SIN,solar,30.0,0.0,5023.3751747999995,0.014157963794134875
Avant,SIN,solar,30.0,0.0,5023.3751747999995,0.014157963794134875
Sol de los manzanos,SIN,solar,30.0,0.0,5023.3751747999995,0.014157963794134875
Ahumada 2,SIN,solar,30.0,0.0,5023.3751747999995,0.014157963794134875
Central Mocuzari,SIN,hydro,9.6,0.0,4849.9853891328,0.013669279150379047
C.H Puente grande,SIN,hydro,9.5,0.0,4799.464707996,0.01352689082589593
Aura solar,BCS,solar,30.0,0.0,4641.0400935,0.013080384268435101
CEPP3,BCS,solar,30.0,0.0,4641.0400935,0.013080384268435101
CEAUT 26,SIN,gas_ccgt,80.0,29.87,4615.852980394906,0.013009396491688982
C.H Trojes,SIN,hydro,8.6,0.0,4344.7785777648,0.012245395905547895
CE AUT2,SIN,onwind,10.0,0.0,4287.87537008,0.01208501896252898
C.H Zumpimito,SIN,hydro,8.4,0.0,4243.737215491199,0.011960619256581664
Hidroelectrica arcoiris,SIN,hydro,8.4,0.0,4243.737215491199,0.011960619256581664
Parque solar mi ranchito sur,SIN,solar,25.0,0.0,4186.145979,0.011798303161779065
TAI Durango 5,SIN,solar,25.0,0.0,4186.145979,0.011798303161779065
Hidroelectrica Trigomil,SIN,hydro,8.0,0.0,4041.6544909439995,0.011391065958649204
Colotlipa,SIN,hydro,8.0,0.0,4041.6544909439995,0.011391065958649204
Aura solar tres,BCS,solar,25.0,0.0,3867.5334112499995,0.010900320223695917
CEAUT 25,SIN,chp,64.0,29.87,3819.79139372192,0.010765763330750246
Parque eolico rumorosa,BCA,onwind,10.0,0.0,3782.14798435,0.010659668522293766
CE AUT 33,BCA,solar,30.0,0.0,3777.4630603079995,0.010646464454778033
Union energetica del noroeste (Etapa 1),SIN,chp,17.4,29.87,3577.0859357377763,0.010081718248070306
C.H Alameda,SIN,hydro,6.99,0.0,3531.3956114623197,0.009952943881369742
Energia solar san ignacio,SIN,solar,20.0,0.0,3348.9167832000003,0.009438642529423252
Parque solar coahuila,SIN,solar,20.0,0.0,3348.9167832000003,0.009438642529423252
Munisol,SIN,solar,19.8,0.0,3315.427615368,0.009344256104129018
P.S Lunasol 1,SIN,solar,19.2,0.0,3214.960111872,0.009061096828246323
Hidroelectrica Tacotan,SIN,hydro,6.0,0.0,3031.2408682080004,0.008543299468986906
B.G Energia verde Aguascalientes,SIN,biogas,3.2,0.0,2741.7599999999993,0.007727421795397298
Bombana,SIN,hydro,5.2,0.0,2627.0754191135998,0.007404192873121983
C.H Nueva italia,SIN,hydro,5.0,0.0,2526.03405684,0.007119416224155755
Celanese mexicana cogeneracion__1,SIN,chp,13.3,29.87,2514.365,0.007086527961084898
Desarollos solares de delicias,SIN,solar,15.0,0.0,2511.6875873999998,0.0070789818970674375
Aldebaran FV,SIN,solar,15.0,0.0,2511.6875873999998,0.0070789818970674375
Cogeneracion nuevo pemex,SIN,chp,347.4,29.87,2417.8387839997827,0.006814476875159323
B.G La loma,SIN,biogas,2.8,0.0,2399.04,0.006761494070972637
Los santos solar,SIN,solar,13.6,0.0,2277.263412576,0.006418276920007811
Aeroderivadas punta prieta 1,BCS,gas_ocgt,75.2,43.16,1863.1292754638016,0.005251074408723506
Almex cogeneracion,SIN,chp,12.0,29.87,1789.8,0.00504440196421353
San Ildefonso,SIN,hydro,2.7,0.0,1364.0583906936,0.0038444847610441066
Eolica peñasco dos,SIN,onwind,3.0,0.0,1286.362611024,0.003625505688758694
Ibedrola cogeneracion bajio,SIN,chp,53.7,29.87,1187.3034227823719,0.003346315631914652
Schpoina,SIN,hydro,2.24,0.0,1131.6632574643202,0.003189498468421778
Fortius 1,SIN,solar,6.2,0.0,1038.164202792,0.0029259791841212083
Fortius 2,SIN,solar,6.2,0.0,1038.164202792,0.0029259791841212083
Abent Tercer tren,SIN,chp,275.0,29.87,998.3456592200113,0.0028137539414088033
Granjas carroll cogeneracion con biogas,SIN,biogas,1.1,0.0,942.4800000000005,0.0026563012421678234
Eolica peñasco uno,SIN,onwind,2.0,0.0,857.5750740160001,0.0024170037925057963
Ideal de sanamiento saltillo,SIN,biogas,1.0,0.0,856.7999999999997,0.0024148193110616555
Celanese mexicana cogeneracion,SIN,chp,10.0,29.87,788.5,0.0022223214598180627
Parque fotovoltaico CP,BCA,solar,5.0,0.0,629.577176718,0.001774410742463006
Ciudad PEMEX,SIN,chp,56.0,29.87,532.0,0.0014993976114435121
Cactus PEMEX,SIN,chp,54.0,29.87,513.0,0.001445847696749101
Refineria Salina cruz,SIN,chp,90.0,29.87,481.4684055410846,0.0013569785286725912
El salitre,SIN,onwind,1.0,0.0,428.7875370080001,0.0012085018962528981
Caelum renovables y energia villaldama 1,SIN,solar,2.0,0.0,334.89167832,0.0009438642529423252
Sistemas energeticos sisa,SIN,chp,60.0,29.87,171.0,0.00048194923224970034
Pajaritos 2,SIN,chp,88.8,29.87,167.6392582732925,0.0004724772621036406
F.V Solar apaseo,SIN,solar,1.0,0.0,167.44583916,0.0004719321264711626
Generacion Energia Infra,SIN,chp,145.0,29.87,137.75,0.0003882368815344808
Cog. C.S Energia,SIN,chp,1.0,29.87,78.85,0.00022223214598180623
C.C Mexicali,BCA,gas_ccgt,489.0,29.87,63.535796917999505,0.00017907034236843707
Refineria lazaro cardenas,SIN,chp,60.0,29.87,57.0,0.00016064974408323344
Complejo Petroquimico Cangrejera,SIN,chp,48.0,29.87,45.6,0.00012851979526658675
Refineria minatitlan,SIN,chp,35.0,29.87,33.25,9.371235071521951e-05
Idesa braskem,SIN,chp,175.0,29.87,31.65269637902,8.921048373392724e-05
T.G Punta prieta 1,BCS,gas_ocgt,43.0,43.16,4.116860000000031,1.1603026410991323e-05
